full_name,nation,birthday,snooker_id,cuetracker_id,wikidata_id,wiki_id
Nick Jansen,Belgium,2000-01-08,3042,nick-jansen,,
Amedeo Durnez,Belgium,2000-01-18,1838,amedeo-durnez,,
Chang Yu Kiu,Hong Kong,2000-01-18,1479,yu-kiu-chang,,
Jack Harris,England,2000-01-20,2489,,,
Luo Honghao,China,2000-01-31,1237,luo-honghao,,
Umut Dikme,Germany,2000-02-03,2249,,,
Pang Junxu,China,2000-02-15,1257,pang-junxu,,
Yan Bingtao,China,2000-02-16,1260,yan-bingtao,,
Elliott Weston,England,2000-03-09,2480,,,
Fergal Quinn,Northern Ireland,2000-03-11,2317,,,
Ronan Whyte,Ireland,2000-03-13,2337,,,
Haris Tahir,Pakistan,2000-04-09,2931,haris-tahir,,
Marcos Dayao,England,2000-04-19,3001,,,
Riley Parsons,England,2000-05-05,2479,riley-parsons,,
Lewis Parnham,England,2000-05-17,2478,,,
Yuan Sijun,China,2000-05-29,1108,yuan-sijun,,
Chae Ross,England,2000-05-30,2204,,,
Clementine Jingxian Yang,China,2000-06-13,3135,,,
Sean McAllister,England,2000-06-21,2156,,,
Niel Vincent,France,2000-07-04,1848,niel-vincent,,
Ales Herout,Czech Republic,2000-07-10,1842,ales-herout,,
Aristos Pampouris,England,2000-07-15,2996,aristos-pampouris,,
He Guoqiang,China,2000-08-05,1383,he-guoqiang,,
Arturs Kengis,Latvia,2000-08-15,3121,arturs-kengis,,
Adam Stacey,England,2000-09-20,2998,,,
Denis Sokolov,Estonia,2000-09-23,4038,denis-sokolov,,
Abdul Javed,Pakistan,2000-10-06,2894,,,
Alfie Davies,Wales,2000-10-09,2803,alfie-davies,,
Keishin Kamihashi,Japan,2000-12-29,1803,keishin-kamihashi,,
Callum Beresford,England,2001-01-01,2392,callum-beresford,,
Muhammad Naseem Akhtar,Pakistan,2001-01-07,2905,muhammad-naseem-akhtar,,
Conor Caniff,Wales,2001-01-23,2393,conor-caniff,,
Fan Zhengyi,China,2001-01-27,1417,fan-zhengyi,,
Brad Ferguson,Wales,2001-02-03,3024,brad-ferguson,,
Jenson Kendrick,England,2001-02-03,2030,jenson-kendrick,,
Luo Zetao,China,2001-02-14,2379,,,
Hayden Staniland,England,2001-02-15,2747,,,
Ryan Roberts,England,2001-02-23,2760,ryan-roberts,,
Dylan Emery,Wales,2001-03-31,2320,dylan-emery,,
Hamim Hussain,England,2001-04-11,2074,,,
Sybren Sokolowski,Belgium,2001-04-22,1006,sybren-sokolowski,,
Liang Xiaolong,China,2001-05-12,2610,,,
Liang Xiaolong,China,2001-05-12,4169,,,
Alex Clenshaw,England,2001-06-20,2722,,,
Taras Ulianchenko,Ukraine,2001-07-03,3524,,,
Ross Bulman,Ireland,2001-07-05,2352,,,
Luke Pinches,England,2001-08-07,2081,,,
Jackson Page,Wales,2001-08-08,2166,jackson-page,,
Anthony Wall,England,2001-10-11,3118,anthony-wall,,
Peng Yisong,China,2001-11-13,2620,yisong-peng,,
Florian Nüßle,Austria,2001-12-18,1835,florian-nusle,,
Dean Young,Scotland,2002-01-07,2499,dean-young,,
Elias Martin-Beris,England,2002-01-29,2856,elias-martin-beris,,
Connor Benzey,England,2002-02-13,2746,connor-benzey,,
Aaron Hill,Ireland,2002-02-28,2470,aaron-hill,,
Halim Hussain,England,2002-03-23,2275,halim-hussain,,
Bradley Cowdroy,England,2002-04-05,2748,bradley-cowdroy,,
Sean Maddocks,England,2002-04-10,2340,sean-maddocks,,
Bai Langning,China,2002-04-17,1595,bai-langning,,
Kayden Brierley,England,2002-04-24,2483,,,
Ryan Davies,England,2002-04-29,2378,ryan-davies,,
Lewis Ullah,England,2002-05-10,2363,,,
Anupama Ramachandran,India,2002-05-19,3085,,,
Ploychompoo Laokiatphong,Thailand,2002-05-23,2411,,,
Luis Vetter,Switzerland,2002-06-29,2253,,,
Nicolas Mortreux,France,2002-07-08,2977,nicolas-mortreux,,
Si Jiahui,China,2002-07-11,1982,si-jiahui,,
Joshua Mallender,England,2002-07-16,2451,,,
Chang Bingyu,China,2002-08-08,1981,chang-bingyu,,
Kreishh Gurbaxani,India,2002-08-23,2497,,,
Umar Khan,Pakistan,2002-08-26,2899,,,
Wiphu Phuthisabodi,Thailand,2002-08-31,2718,wiphu-phuthisabodi,,
Lee Whaley,England,2002-09-22,3887,lee-whaley,,
Deng Haohui,China,2002-10-13,2628,,,
Adam Williams,England,2002-11-23,3134,adam-williams,,
Ayman Alamri,Saudi Arabia,2002-11-28,2459,ayman-alamri,,
Digvijay Kadian,India,2002-12-14,2441,,,
Andrew Robson,England,2003-01-02,2863,andrew-robson,,
Julien Leclercq,Belgium,2003-02-03,2754,julien-leclercq,,
Joe Fenton,England,2003-03-10,2772,joe-fenton,,
Bradley Tyson,Wales,2003-03-25,2314,bradley-tyson,,
Jacob Boyle,Wales,2003-03-30,3005,jacob-boyle,,
Fabian Haken,Germany,2003-04-07,2077,,,
Jack Haley,England,2003-04-09,2750,jack-haley,,
Isa Ishtiaq,England,2003-04-27,2857,,,
Mickey Joyce,England,2003-05-20,2886,,,
Josh Symes,England,2003-05-26,2814,,,
Lei Peifan,China,2003-05-31,2498,peifan-lei,,
Jamie Gardiner,Northern Ireland,2003-06-17,4451,jamie-gardiner,,
Faizaan Mohammed,England,2003-07-04,2775,,,
Bai Yulu,China,2003-07-10,2616,yulu-bai,,
Alfie Lee,England,2003-07-13,2782,,,
Mario Paun,Romania,2003-07-30,3890,mario-paun,,
Evan Plummer,England,2003-08-03,3126,evan-plummer,,
Zhao Jianbo,China,2003-08-27,2557,jianbo-zhao,,
Ma Hailong,China,2003-09-04,2608,ma-hailong,,
Alexander Widau,Germany,2003-09-10,3525,alexander-widau,,
Wu Yize,China,2003-10-14,2469,wu-yize,,
Jamie Wilson,England,2003-11-11,2751,jamie-wilson,,
Aidan Gallagher,England,2003-12-06,3130,aidan-gallagher,,
Liu Wenwei,China,2003-12-08,3151,,,
Dhruv Jatan Patel,India,2004-01-21,3166,dhruv-patel,,
Antoni Kowalski,Poland,2004-02-09,1465,antoni-kowalski,,
Liu Hongyu,China,2004-04-21,2611,liu-hongyu,,
Johnnie Bates,England,2004-04-28,2776,johnnie-bates,,
Samuel Lee Stevens,England,2004-05-21,2769,,,
Jordan Rimmer,England,2004-06-29,148,jordan-rimmer,,
Robbie McGuigan,Northern Ireland,2004-07-07,2507,,,
Adam Halnon,Ireland,2004-07-17,3852,adam-halnon,,
Velian Dimitrov,Bulgaria,2004-07-21,3011,,,
Gao Yang,China,2004-09-05,2607,gao-yang,,
Liam Graham,Scotland,2004-09-12,2439,liam-graham,,
Ben Mertens,Belgium,2004-10-13,1923,ben-mertens,,
Paul Deaville,England,2004-10-25,2749,paul-deaville,,
Xing Zihao,China,2004-11-06,2630,,,
Anton Kazakov,Ukraine,2004-11-08,2767,anton-kazakov,,
Ronnie Sullivan,England,2004-11-24,2972,ronnie-sullivan,,
Nils Ritenius Manjer,Sweden,2004-12-01,3188,,,
Miguel Ruivo,Portugal,2004-12-05,4030,miguel-ruivo,,
Miina Tani,Japan,2005-01-13,2549,miina-tani,,
Nattanapong Chaikul,Thailand,2005-03-18,2895,,,
Martin Orinak,Slovakia,2005-04-03,4096,martin-orinak,,
Filips Kalnins,Latvia,2005-04-05,2766,filips-kalniyy,,
Sam McKay,Scotland,2005-05-19,2816,sam-mckay,,
Erik Nagy,Hungary,2005-06-06,3973,erik-nagy,,
Jake Crofts,England,2005-06-20,2882,,,
Brandon Nguyen,England,2005-06-27,3181,,,
Aidan Murphy,England,2005-06-27,2755,aidan-murphy-ii,,
Liam Pullen,England,2005-07-11,2778,liam-pullen,,
Oliver Briffett-Payne,Wales,2005-07-26,3063,,,
Hamza Ilyas,Pakistan,2005-08-20,3975,hamza-ilyas,,
Jiang Jun,China,2005-08-28,2640,jiang-jun,,
Iulian Boiko,Ukraine,2005-09-22,1889,iulian-boiko,,
Zac Cosker,Wales,2005-10-26,2805,zac-cosker,,
Dong Zihao,China,2005-11-12,3182,,,
Oliver Sykes,England,2005-12-12,2797,oliver-sykes,,
Parth Shah,India,2005-12-23,3990,,,
Kian Dennett,England,2005-12-25,3884,kian-dennett,,
Narucha Phoemphul,Thailand,2005-12-27,4139,narucha-phoemphul,,
Amaan Iqbal,Scotland,2006-02-17,2798,,,
William Forster,England,2006-03-08,3743,william-forster,,
Leone Crowley,Ireland,2006-06-02,2888,,,
Artemijs Zizins,Latvia,2006-06-02,3534,,,
Liam Davies,Wales,2006-06-28,2438,liam-davies,,
Arsenii Korolev,Russia,2006-07-17,4156,arsenii-koroloev,,
Stan Moody,England,2006-09-14,2758,stan-moody,,
Westley Cooper,England,2006-09-22,2770,westley-cooper,,
Gong Chenzhi,China,2006-09-22,2634,,,
Ronan McGuirk,Ireland,2006-10-07,4149,ronan-mcguirk,,
Sebastian Milewski,Poland,2006-11-08,3196,,,
Bulcsu Revesz,Hungary,2007-01-01,2655,bulcsu-revesz,,
Andrey Gladyk,Russia,2007-02-10,4155,andrey-gladyk,,
Ayaan Iqbal,Scotland,2007-02-20,2975,ayaan-iqbal,,
Jack Borwick,Scotland,2007-03-05,2982,jack-borwick,,
Petro Sydorenko,Ukraine,2007-07-17,2858,,,
Heorhii Petrunko,Ukraine,2007-09-25,3010,george-petrunko,,
Joel Connolly,Northern Ireland,2007-10-04,2963,,,
Dylan Smith,England,2007-10-23,2777,,,
Daniel Boyes,England,2007-12-03,2865,daniel-boyes,,
Steven Wardropper,Scotland,2008-01-06,2974,,,
Wang Xinbo,China,2008-01-11,3461,,,
Roman Blakyta,Ukraine,2008-02-09,4000,roman-blakyta,,
Christian Richter,Germany,2008-05-17,3187,christian-richter,,
Zhou Jinhao,China,2008-06-16,4191,,,
Natasha Chethan,India,2008-06-20,3081,natasha-chethan,,
Kaylan Patel,England,2008-08-01,3982,kaylan-patel,,
Lan Yuhao,China,2008-08-26,4148,lan-yuhao,,
Riley Powell,Wales,2008-08-27,3062,riley-powell,,
Vladislav Gradinari,Moldova,2008-10-15,2807,vladislav-gradinari,,
Edward Jones,England,2008-11-18,2995,edward-jones,,
O'Shay Scott,England,2008-12-09,3989,oshay-scott,,
Mykhailo Larkov,Ukraine,2009-01-05,3528,mykhailo-larkov,,
Artem Surzhykov,Ukraine,2009-04-16,3198,,,
Logan Hall,England,2009-08-06,3685,logan-hall,,
Azaan Iqbal,Scotland,2009-08-20,3067,,,
Ziyad Alqabbani,Saudi Arabia,2009-12-13,4409,ziyad-alqabbani,,
