full_name,nation,birthday,snooker_id,cuetracker_id,wikidata_id,wiki_id
Ma Chunmao,China,,966,ma-bing,,
Ma Daojun,China,,1983,ma-daojun,,
Ma Jianjun,China,,1249,ma-jianjun,,
Ma Yinzhu,China,,1248,ma-yinzhu,,
Maarten Niessen,Netherlands,,873,maarten-niessen,,
Maciej Kielkowicz,Poland,,1469,maciej-kielkowicz,,
Maciej Kusak,Poland,,1683,maciej-kusak,,
Maciej Maciejwski,Poland,,1459,maciej-maciejwski,,
Maciej Michowski,Poland,,1471,maciej-michowski,,
Maciej Relich,Poland,,690,maciej-relich,,
Maciej Sarapuk,Poland,,1460,maciej-sarapuk,,
Mahjoub Tawdi,Morocco,,4585,mahjoub-tawdi,,
Mahmoud El Hareedy,Egypt,,3071,mahmoud-el-hareedy,,
Maihe Muti,China,,1255,maihe-muti,,
Khan Majid,England,,2005,majid-khan,,
Malcolm Pollock,New Zealand,,3666,malcolom-pollock,,
Malgorzata Sikorska,Poland,,2374,malgorzata-sikorska,,
Manan Chandra,India,,1369,manan-chandra,,
Manish Jain,India,,543,manish-jain,,
Manoj Gounder,New Zealand,,4441,manoj-gounder,,
Manon Melief,Netherlands,,1273,manon-melief,,
Manuel Pomwenger,Austria,,1571,manuel-pomwenger,,
Mao Zhijun,China,,1381,mao-zhijun,,
Maor Shalom,Israel,,1858,maor-shalom,,
Mara Tudusciuc,Romania,,1825,mara-tudusciuc,,
Marc Harman,England,,95,marc-harman,,
Marc Malot,Belgium,,1068,marc-malot,,
Marc Robertson,Australia,,929,marc-robertson,,
Marc Vrancken,Belgium,,1060,marc-vrancken,,
Marc Weibel,Switzerland,,1449,marc-weibel,,
Marcin Bek,Poland,,1464,marcin-bek,,
Marcin Kolibski,Poland,,1473,marcin-kolibski,,
Marek Kenny,Isle of Man,,4069,marek-kenny,,
Marek Slomianowski,Poland,,701,marek-slomianowski,,
Mareks Cipsts,Latvia,,3986,mareks-cipsts,,
Marianyela Palacios,Spain,,1335,marianyela-palacios,,
Marinus Teerling,Netherlands,,1613,marinus-teerling,,
Mario Abela,Malta,,3799,mario-abela,,
Mario Amza,Romania,,1866,mario-amza,,
Mario Basile,England,,2059,mario-basile,,
Mario Bodlos,Austria,,4044,mario-bodlos,,
Mario Brincat,Malta,,1815,mario-brincat,,
Mario Geudens,Belgium,,231,mario-geudens,,
Mario Hautekeete,Netherlands,,1445,mario-hautekeete,,
Mario Hildred,New Zealand,,1864,mario-hildred,,
Mario Van Herk,Belgium,,383,mario-van-herk,,
Mario Veltman,Netherlands,,1290,mario-veltman,,
Mario Wehrmann,Netherlands,,300,mario-wehrmann,,
Mark Boyd,England,,4301,mark-boyd,,
Mark Boyle,Scotland,,476,mark-boyle,,
Mark Buteneers,Belgium,,832,mark-buteneers,,
Mark Canovan,New Zealand,,3667,mark-canovan,,
Mark Craven,New Zealand,,3543,mark-craven,,
Mark Currie,New Zealand,,3669,mark-currie,,
Mark Davies,Wales,,1499,mark-davies,,
Mark Dooley,Ireland,,1623,mark-dooley,,
Mark Klemm,Australia,,4286,mark-klemm,,
Mark Miller,England,,137,mark-miller,,
Mark Smith,England,,203,mark-smith,,
Mark Tuite,Ireland,,761,mark-tuite,,
Mark White,England,,1431,mark-white,,
Markeliano Dibra,Albania,,4047,markeliano-dibra,,
Marko Grbovic,Serbia,,4094,marko-grbovic,,
Marko Reijers,Netherlands,,1621,marko-reijers,,
Marko Stoilkovic,Serbia,,3891,marko-stoilkovic,,
Marko Vukovic,Serbia,,464,marko-vukovic,,
Marko Wölkl,Germany,,301,marko-wolkl,,
Markus Fischer,Germany,,1391,markus-fischer,,
Markus Hertle,Germany,,302,markus-hertle,,
Markus Milde,Germany,,303,markus-milde,,
Markus Pfistermüller,Austria,,638,markus-pfistermuller,,
Markus Stocker,Austria,,637,markus-stocker,,
Marouane Elmoutaki,Morocco,,4586,marouane-elmoutaki,,
Martin Ball,England,,596,martin-ball,,
Martin Pitcher,England,,2164,martin-pitcher,,
Martin Power,England,,1437,martin-power,,
Martin Rösler,Germany,,304,martin-rosler,,
Martin Spiess,Switzerland,,1326,martin-spiess,,
Martin Spoormans,Belgium,,826,martin-spoormans,,
Martine Ketels,Belgium,,3809,martine-ketels,,
Marvin Losi,Switzerland,,1917,marvin-losi,,
Maryann McConnell,Canada,,3175,maryann-mcconnell,,
Mason Wilson,England,,3892,mason-wilson,,
Masoud Eisay,Libya,,4428,masoud-eisay,,
Matei Rosca,Romania,,1872,matei-rosca,,
Mateusz Goslinowski,Poland,,1463,mateusz-goslinowski,,
Mateusz Nowak,Poland,,1467,mateusz-nowak,,
Matheus Fatuch Pontarolli,Brazil,,1840,matheus-fatuch-pontarolli,,
Mathias Van der Meeren,Belgium,,3988,mathias-van-der-meeren,,
Mathijs Bokken,Belgium,,857,mathijs-bokken,,
Matt Fifield,Canada,,3828,matt-fifield,,
Matt Howells,New Zealand,,3670,matt-howells,,
Matt Lancaster,England,,2012,matt-lancaster,,
Matt Lippett,England,,1503,matt-lippett,,
Matt Tocheri,Canada,,4501,matt-tocheri,,
Matt Williams,England,,232,matt-williams,,
Matt Yeadon,England,,453,matt-yeadon,,
Matthew Burns,England,,4001,matthew-burns,,
Matthew Gevaux,England,,890,matthew-gevaux,,
Matthew Hudson,England,,1169,matthew-hudson,,
Matthew Pritchett,Australia,,4287,matthew-pritchett,,
Matthew Pudney,England,,2021,matthew-pudney,,
Matthew Scarborough,New Zealand,,4429,matthew-scarborough,,
Matthew Simpson,England,,536,matthew-simpson,,
Matthias Leuthold,Germany,,1339,matthias-leuthold,,
Matthias Porn,Germany,,1035,matthias-porn,,
Mau Diep,Australia,,4288,mau-diep,,
Maurice Le Duc,Netherlands,,305,maurice-le-duc,,
Maurice Rijk,Netherlands,,838,maurice-rijk,,
Max Kribbe,Switzerland,,1324,max-kribbe,,
Maxim Ene,Romania,,1876,maxim-ene,,
Maxim Maximov,Russia,,1805,maxim-maximov,,
Maximilian Pfleger,Austria,,3893,maximilian-pfleger,,
Melanie Irle-Morgenroth,Germany,,4622,melanie-irle-morgenroth,,
Melih Egemen,Turkey,,3894,melih-egemen,,
Meng Jing,China,,1693,meng-jing,,
Michael Bach,Germany,,307,michael-bach,,
Michael Betzinger,Germany,,308,michael-betzinger,,
Michael Buchholz,Germany,,1612,michael-buchholz,,
Michael Chen,China,,4430,michael-chen,,
Michael Curphey,Isle of Man,,4071,michael-curphey,,
Michael Davies,New Zealand,,3671,michael-davies-ii,,
Michael Deutschmann,Germany,,1617,michael-deutschmann,,
Michael Eheim,Germany,,309,michael-eheim,,
Michael Hayes,New Zealand,,3672,michael-hayes,,
Michael Heeger,Germany,,310,michael-heeger,,
Michael Mullen,Ireland,,765,michael-mullen,,
Michael Peyr,Austria,,649,michael-peyr,,
Michael Rhodes,England,,2009,michael-rhodes,,
Michael Sanderson,England,,885,michael-sanderson,,
Michael Schnabel,Germany,,1910,michael-schnabel,,
Michael Seidel,Germany,,311,michael-seidel,,
Michael Spooner,England,,1210,michael-spooner,,
Michael Stone,England,,3895,michael-stone,,
Michal Ebert,Poland,,694,michal-ebert,,
Michal Frank,Slovakia,,4097,michal-frank,,
Michal Lyjak,Poland,,704,michal-lyjak,,
Michal Matuszczyk,Poland,,698,michal-matuszczyk,,
Michal Zielinski,Poland,,121,michay-zieliyski,,
Michele Battaglia,Italy,,904,michele-battaglia,,
Mick Dagostino,England,,2023,mick-dagostino,,
Micson Kshetri,United States,,4015,micson-kshetri,,
Miguel Costa Filho,Brazil,,3718,miguel-costa-filho,,
Mihai Diaconu,Romania,,1878,mihai-diaconu,,
Mika Hummelin,Finland,,1543,mika-hummelin,,
Mika Karhu,Finland,,1542,mika-karhu,,
Mikayel Nersisyan,Armenia,,4107,mikayel-nersisyan,,
Mikey Stewart,New Zealand,,1863,mikey-stewart,,
Mikhail Terekhov,Russia,,1884,mikhail-terekhov,,
Miltos Song,New Zealand,,3538,miltos-song,,
Min Changqing,China,,1522,min-changqing,,
Man Ming Wa,Hong Kong,,1482,ming-wa-man,,
MingHsuan Lee,New Zealand,,3673,minghsuan-lee,,
Mirko Groß,Germany,,312,mirko-gros,,
Miro Popovic,Germany,,313,miro-popovic,,
Misja van Vonderen,Netherlands,,831,misja-van-vonderen,,
Mitchell Berry,England,,4111,mitchell-berry,,
Mitchell Grinstead,England,,2163,mitchell-grinstead,,
Mitchell Van Den Bergh,Netherlands,,1265,mitchell-van-den-bergh,,
Moatasem Albadrey,Australia,,3956,moatasem-albadrey,,
Moh Keen Ho,Malaysia,,1198,moh-keen-ho,,
Mohamed Abdelkader,Egypt,,2579,mohamed-abdel-kader,,
Mohamed Abdelkader,Egypt,,3793,mohamed-abdel-kader,,
Mohamed Aboudy,Albania,,3896,mohamed-aboudy,,
Mohamed Alagoory,Libya,,4338,mohamed-alagoory,,
Mohamed Amin,Egypt,,3897,mohamed-amin,,
Mohamed Amine El Kassabny,Morocco,,4575,mohamed-amine-el-kassabny,,
Mohamed Atta,Egypt,,1846,mohamed-atta,,
Mohamed Osama,Egypt,,3898,mohamed-osama,,
Mohamed Reda Matour,Morocco,,4602,mohamed-reda-matour,,
Mohamed Saleh,Libya,,4340,mohamed-saleh,,
Mohammad Lababi,Iran,,853,mohammad-lababi,,
Mohammad Rais Senzahi,Afghanistan,,586,mohammad-rais-senzahi,,
Mohammadreza Pishvari,Iran,,4176,mohammad-reza-pishvari,,
Mohammed Al Shaikh,Bahrain,,928,mohammed-al-shaikh,,
Mohammed El Hamy,Egypt,,3725,mohammed-el-hamy,,
Mohammed Omar Ashiq,Bahrain,,918,mohammed-omar-ashiq,,
Mohammed Rangzib,England,,1749,mohammed-rangzib,,
Mohammed Reza Hassan,Malaysia,,919,mohammed-reza-hassan,,
Mohanna Al Obaidly,Qatar,,172,mohanna-al-obaidly,,
Mohsen Bukshaisha,Qatar,,1212,mohsen-bukshaisha,,
Moinesh Samy,Fiji,,4431,moinesh-samy,,
Moritz Thomas,Germany,,1345,moritz-thomas,,
Morteza Hassani,Australia,,4559,morteza-hassani,,
Mostafa Lazem,Morocco,,4577,mostafa-lazem,,
Mostafa Shehab,United Arab Emirates,,4342,mostafa-shehab,,
Mostapha Bourass,Morocco,,4603,mostapha-bourass,,
Mouaad Benjelloun,Morocco,,4574,mouaad-benjelloun,,
Mouayed Elbakbak,Libya,,4343,mouayed-mustafa-mohamed-elbakbak,,
Mourad Naitali,Morocco,,1986,mourad-naitali,,
Mu Gang,China,,937,mu-gang,,
Mubarak Al Delaimi,Kuwait,,4344,mubarak-al-delaimi,,
Mudasir Zaib,Pakistan,,4484,mudasir-zaib,,
Muhamet Ajrullahu,Albania,,3899,muhamet-ajrullahu,,
Muhamet Bllaca,Albania,,3900,muhamet-bllaca,,
Muhamet Huruglica,Albania,,3901,muhamet-huruglica,,
Muhammad Awais,Pakistan,,3902,muhammad-awais,,
Muhammad Hassan,Australia,,4475,muhammad-hassan,,
Muhammad Majid Ali,Pakistan,,1352,muhammad-majid-ali,,
Munraj Pal,England,,1165,munraj-pal,,
Murtaza Rahimi,Australia,,4289,murtaza-rahimi,,
Myqerem Dervishaj,Albania,,3903,myqerem-dervishaj,,
